{
  "backend": "memmap_exact",
  "ingest_mode": "batch",
  "tasks": 500,
  "steps": 1000,
  "accepted_retrievals": 1000,
  "total_ms": 129955.06442999977,
  "online_total_ms": 115436.38603199906,
  "prep_ms": 3841.494275999139,
  "batch_add_ms": 10676.664374999746,
  "final_index_ms": 0.0,
  "avg_retrieval_ms": 114.95678932698138,
  "p95_retrieval_ms": 133.5458949997701,
  "avg_add_ms": 21.35332874999949,
  "p95_add_ms": 21.35332874999949,
  "start_rss_mb": 869.94921875,
  "end_rss_mb": 1038.57421875,
  "peak_sampled_rss_mb": 1038.57421875,
  "rss_growth_mb": 168.625,
  "workflow_count": 500,
  "python_vector_count": 0,
  "python_vector_values": 0,
  "python_vector_mb": 0.0,
  "vector_dtype": "float16",
  "candidate_k": 50,
  "chunk_size": 8192,
  "avg_batch_add_ms": 10676.664374999746,
  "avg_retrieve_ms": 114.91959534698981,
  "avg_text_load_ms": 2.0310706139825925,
  "workflow_text_cache_items": 128,
  "workflow_text_cache_hits": 37386,
  "workflow_text_cache_misses": 12614,
  "disk_bytes": 13052399
}