{
  "backend": "ram_faiss_bm25",
  "ingest_mode": "batch",
  "tasks": 1009,
  "steps": 2018,
  "accepted_retrievals": 1985,
  "total_ms": 214866.62241799966,
  "online_total_ms": 123699.77198000015,
  "prep_ms": 8227.503463000176,
  "batch_add_ms": 82938.78822199986,
  "final_index_ms": 0.0,
  "avg_retrieval_ms": 60.93129771456929,
  "p95_retrieval_ms": 94.30662799968559,
  "avg_add_ms": 82.19899724677884,
  "p95_add_ms": 82.19899724677884,
  "start_rss_mb": 871.515625,
  "end_rss_mb": 1060.4921875,
  "peak_sampled_rss_mb": 1060.4921875,
  "rss_growth_mb": 188.9765625,
  "workflow_count": 1009,
  "python_vector_count": 1009,
  "python_vector_values": 387456,
  "python_vector_mb": 1.47802734375,
  "embedding_text_kb": 878.2978515625,
  "disk_bytes": 33845819
}