{
  "backend": "lancedb_disk_ann",
  "tasks": 500,
  "steps": 1000,
  "accepted_retrievals": 827,
  "total_ms": 633253.3686459992,
  "online_total_ms": 632987.0908829998,
  "final_index_ms": 265.8467839992227,
  "avg_retrieval_ms": 415.3302274899761,
  "p95_retrieval_ms": 1327.3935199995321,
  "avg_add_ms": 422.06718298602163,
  "p95_add_ms": 1347.1146330011834,
  "start_rss_mb": 913.21875,
  "end_rss_mb": 1326.48828125,
  "peak_sampled_rss_mb": 1326.48828125,
  "rss_growth_mb": 413.26953125,
  "workflow_count": 500,
  "python_vector_count": 0,
  "python_vector_values": 0,
  "python_vector_mb": 0.0,
  "lancedb_path": "mind2web/memory_backend_benchmark_500x2_batch/lancedb/lancedb",
  "ann_index_type": "IVF_SQ",
  "candidate_k": 50,
  "reindex_every": 100,
  "indexed_count": 500,
  "avg_retrieve_ms": 415.6133361352878,
  "avg_index_ms": 192.44080720054626,
  "avg_json_load_ms": 0.6348774824697409,
  "workflow_json_cache_items": 128,
  "workflow_json_cache_hits": 534,
  "workflow_json_cache_misses": 293,
  "disk_bytes": 28922490
}