{
  "backend": "ram_faiss_bm25",
  "tasks": 500,
  "steps": 1000,
  "accepted_retrievals": 587,
  "total_ms": 223669.9872820009,
  "online_total_ms": 223669.9721490004,
  "final_index_ms": 0.0,
  "avg_retrieval_ms": 132.83557174503403,
  "p95_retrieval_ms": 1071.640441999989,
  "avg_add_ms": 172.81087587003276,
  "p95_add_ms": 1324.605687001167,
  "start_rss_mb": 869.6796875,
  "end_rss_mb": 1033.296875,
  "peak_sampled_rss_mb": 1033.296875,
  "rss_growth_mb": 163.6171875,
  "workflow_count": 500,
  "python_vector_count": 500,
  "python_vector_values": 192000,
  "python_vector_mb": 0.732421875,
  "embedding_text_kb": 435.2333984375,
  "disk_bytes": 16827474
}