{
  "backend": "ram_faiss_bm25",
  "ingest_mode": "batch",
  "tasks": 500,
  "steps": 1000,
  "accepted_retrievals": 990,
  "total_ms": 89381.65129000117,
  "online_total_ms": 49329.502786000376,
  "prep_ms": 3844.8700080007256,
  "batch_add_ms": 36206.80854100101,
  "final_index_ms": 0.0,
  "avg_retrieval_ms": 48.93881648004026,
  "p95_retrieval_ms": 64.32472500091535,
  "avg_add_ms": 72.41361708200202,
  "p95_add_ms": 72.41361708200202,
  "start_rss_mb": 869.88671875,
  "end_rss_mb": 1040.3359375,
  "peak_sampled_rss_mb": 1040.3359375,
  "rss_growth_mb": 170.44921875,
  "workflow_count": 500,
  "python_vector_count": 500,
  "python_vector_values": 192000,
  "python_vector_mb": 0.732421875,
  "embedding_text_kb": 435.2333984375,
  "disk_bytes": 16780807
}