{
  "backend": "ram_faiss_bm25",
  "ingest_mode": "batch",
  "tasks": 500,
  "steps": 1000,
  "accepted_retrievals": 990,
  "total_ms": 72569.9086809982,
  "online_total_ms": 40883.03708800231,
  "prep_ms": 3068.9137510053115,
  "batch_add_ms": 28617.435947002377,
  "final_index_ms": 0.0,
  "avg_retrieval_ms": 40.5029193659866,
  "p95_retrieval_ms": 64.29232799564488,
  "avg_add_ms": 57.234871894004755,
  "p95_add_ms": 57.234871894004755,
  "start_rss_mb": 870.671875,
  "end_rss_mb": 1037.984375,
  "peak_sampled_rss_mb": 1037.984375,
  "rss_growth_mb": 167.3125,
  "workflow_count": 500,
  "python_vector_count": 500,
  "python_vector_values": 192000,
  "python_vector_mb": 0.732421875,
  "embedding_text_kb": 435.2333984375,
  "disk_bytes": 16780891
}