{
  "backend": "compressed_faiss",
  "ingest_mode": "batch",
  "tasks": 500,
  "steps": 1000,
  "accepted_retrievals": 1000,
  "total_ms": 49018.7316850006,
  "online_total_ms": 35602.715978999186,
  "prep_ms": 3525.246690998756,
  "batch_add_ms": 9880.890536998777,
  "final_index_ms": 8.805184001175803,
  "avg_retrieval_ms": 35.276523585001996,
  "p95_retrieval_ms": 43.53617999913695,
  "avg_add_ms": 19.761781073997554,
  "p95_add_ms": 19.761781073997554,
  "start_rss_mb": 870.87109375,
  "end_rss_mb": 1018.63671875,
  "peak_sampled_rss_mb": 1018.63671875,
  "rss_growth_mb": 147.765625,
  "workflow_count": 500,
  "python_vector_count": 0,
  "python_vector_values": 0,
  "python_vector_mb": 0.0,
  "actual_index_kind": "sq8_flat",
  "candidate_k": 50,
  "faiss_code_size_bytes": 384,
  "estimated_faiss_code_mb": 0.18310546875,
  "avg_batch_add_ms": 9880.890536998777,
  "avg_batch_index_ms": 8.805184001175803,
  "avg_retrieve_ms": 35.25331683300101,
  "avg_text_load_ms": 1.5655142429895932,
  "workflow_text_cache_items": 128,
  "workflow_text_cache_hits": 37381,
  "workflow_text_cache_misses": 12619,
  "disk_bytes": 13008453
}