{
  "backend": "ram_faiss_bm25",
  "ingest_mode": "batch",
  "tasks": 500,
  "steps": 1000,
  "accepted_retrievals": 990,
  "total_ms": 66750.6973549971,
  "online_total_ms": 39156.65308399912,
  "prep_ms": 3146.2976890034042,
  "batch_add_ms": 24447.37652799813,
  "final_index_ms": 0.0,
  "avg_retrieval_ms": 38.80262540109834,
  "p95_retrieval_ms": 63.01334800082259,
  "avg_add_ms": 48.89475305599626,
  "p95_add_ms": 48.89475305599626,
  "start_rss_mb": 870.3515625,
  "end_rss_mb": 1040.6328125,
  "peak_sampled_rss_mb": 1040.6328125,
  "rss_growth_mb": 170.28125,
  "workflow_count": 500,
  "python_vector_count": 500,
  "python_vector_values": 192000,
  "python_vector_mb": 0.732421875,
  "embedding_text_kb": 435.2333984375,
  "disk_bytes": 16780991
}