{
  "backend": "ram_faiss_bm25",
  "tasks": 8,
  "steps": 16,
  "accepted_retrievals": 3,
  "total_ms": 990.8532179997565,
  "avg_retrieval_ms": 42.37395575012215,
  "p95_retrieval_ms": 66.6266389998782,
  "avg_add_ms": 36.4195180002298,
  "p95_add_ms": 93.34086000126263,
  "start_rss_mb": 870.41015625,
  "end_rss_mb": 960.44921875,
  "peak_sampled_rss_mb": 960.44921875,
  "rss_growth_mb": 90.0390625,
  "workflow_count": 8,
  "python_vector_count": 8,
  "python_vector_values": 3072,
  "python_vector_mb": 0.01171875,
  "embedding_text_kb": 7.3271484375,
  "disk_bytes": 238433
}