{
  "backend": "compressed_faiss",
  "ingest_mode": "batch",
  "tasks": 1009,
  "steps": 2018,
  "accepted_retrievals": 2018,
  "total_ms": 99193.74038999922,
  "online_total_ms": 71428.18609099959,
  "prep_ms": 6962.7171580013965,
  "batch_add_ms": 20792.04248899987,
  "final_index_ms": 9.557712999594514,
  "avg_retrieval_ms": 35.071861563430794,
  "p95_retrieval_ms": 42.94032199868525,
  "avg_add_ms": 20.606583239841296,
  "p95_add_ms": 20.606583239841296,
  "start_rss_mb": 870.66015625,
  "end_rss_mb": 1042.32421875,
  "peak_sampled_rss_mb": 1042.32421875,
  "rss_growth_mb": 171.6640625,
  "workflow_count": 1009,
  "python_vector_count": 0,
  "python_vector_values": 0,
  "python_vector_mb": 0.0,
  "actual_index_kind": "sq8_flat",
  "candidate_k": 50,
  "faiss_code_size_bytes": 384,
  "estimated_faiss_code_mb": 0.3695068359375,
  "avg_batch_add_ms": 20792.04248899987,
  "avg_batch_index_ms": 9.557712999594514,
  "avg_retrieve_ms": 35.04667511845251,
  "avg_text_load_ms": 1.8000593314846929,
  "workflow_text_cache_items": 128,
  "workflow_text_cache_hits": 69612,
  "workflow_text_cache_misses": 31288,
  "disk_bytes": 26211043
}