{
  "backend": "ram_faiss_bm25",
  "ingest_mode": "batch",
  "tasks": 500,
  "steps": 1000,
  "accepted_retrievals": 990,
  "total_ms": 76677.80965599923,
  "online_total_ms": 45494.32369100032,
  "prep_ms": 3208.5744140003953,
  "batch_add_ms": 27974.5309179998,
  "final_index_ms": 0.0,
  "avg_retrieval_ms": 45.100808330027576,
  "p95_retrieval_ms": 67.04956300018239,
  "avg_add_ms": 55.9490618359996,
  "p95_add_ms": 55.9490618359996,
  "start_rss_mb": 870.65625,
  "end_rss_mb": 1043.32421875,
  "peak_sampled_rss_mb": 1043.32421875,
  "rss_growth_mb": 172.66796875,
  "workflow_count": 500,
  "python_vector_count": 500,
  "python_vector_values": 192000,
  "python_vector_mb": 0.732421875,
  "embedding_text_kb": 435.2333984375,
  "disk_bytes": 16780859
}