{
  "description": "RAM FAISS vs LanceDB disk-backed workflow memory benchmark",
  "runs": [
    {
      "backend": "ram_faiss_bm25",
      "ingest_mode": "batch",
      "tasks": 500,
      "steps": 1000,
      "accepted_retrievals": 990,
      "total_ms": 76677.80965599923,
      "online_total_ms": 45494.32369100032,
      "prep_ms": 3208.5744140003953,
      "batch_add_ms": 27974.5309179998,
      "final_index_ms": 0.0,
      "avg_retrieval_ms": 45.100808330027576,
      "p95_retrieval_ms": 67.04956300018239,
      "avg_add_ms": 55.9490618359996,
      "p95_add_ms": 55.9490618359996,
      "start_rss_mb": 870.65625,
      "end_rss_mb": 1043.32421875,
      "peak_sampled_rss_mb": 1043.32421875,
      "rss_growth_mb": 172.66796875,
      "workflow_count": 500,
      "python_vector_count": 500,
      "python_vector_values": 192000,
      "python_vector_mb": 0.732421875,
      "embedding_text_kb": 435.2333984375,
      "disk_bytes": 16780859
    },
    {
      "backend": "compressed_faiss",
      "ingest_mode": "batch",
      "tasks": 500,
      "steps": 1000,
      "accepted_retrievals": 1000,
      "total_ms": 49018.7316850006,
      "online_total_ms": 35602.715978999186,
      "prep_ms": 3525.246690998756,
      "batch_add_ms": 9880.890536998777,
      "final_index_ms": 8.805184001175803,
      "avg_retrieval_ms": 35.276523585001996,
      "p95_retrieval_ms": 43.53617999913695,
      "avg_add_ms": 19.761781073997554,
      "p95_add_ms": 19.761781073997554,
      "start_rss_mb": 870.87109375,
      "end_rss_mb": 1018.63671875,
      "peak_sampled_rss_mb": 1018.63671875,
      "rss_growth_mb": 147.765625,
      "workflow_count": 500,
      "python_vector_count": 0,
      "python_vector_values": 0,
      "python_vector_mb": 0.0,
      "actual_index_kind": "sq8_flat",
      "candidate_k": 50,
      "faiss_code_size_bytes": 384,
      "estimated_faiss_code_mb": 0.18310546875,
      "avg_batch_add_ms": 9880.890536998777,
      "avg_batch_index_ms": 8.805184001175803,
      "avg_retrieve_ms": 35.25331683300101,
      "avg_text_load_ms": 1.5655142429895932,
      "workflow_text_cache_items": 128,
      "workflow_text_cache_hits": 37381,
      "workflow_text_cache_misses": 12619,
      "disk_bytes": 13008453
    }
  ]
}