{
  "description": "RAM FAISS vs LanceDB disk-backed workflow memory benchmark",
  "runs": [
    {
      "backend": "ram_faiss_bm25",
      "ingest_mode": "batch",
      "tasks": 500,
      "steps": 1000,
      "accepted_retrievals": 990,
      "total_ms": 72569.9086809982,
      "online_total_ms": 40883.03708800231,
      "prep_ms": 3068.9137510053115,
      "batch_add_ms": 28617.435947002377,
      "final_index_ms": 0.0,
      "avg_retrieval_ms": 40.5029193659866,
      "p95_retrieval_ms": 64.29232799564488,
      "avg_add_ms": 57.234871894004755,
      "p95_add_ms": 57.234871894004755,
      "start_rss_mb": 870.671875,
      "end_rss_mb": 1037.984375,
      "peak_sampled_rss_mb": 1037.984375,
      "rss_growth_mb": 167.3125,
      "workflow_count": 500,
      "python_vector_count": 500,
      "python_vector_values": 192000,
      "python_vector_mb": 0.732421875,
      "embedding_text_kb": 435.2333984375,
      "disk_bytes": 16780891
    },
    {
      "backend": "compressed_faiss",
      "ingest_mode": "batch",
      "tasks": 500,
      "steps": 1000,
      "accepted_retrievals": 998,
      "total_ms": 39677.769644004,
      "online_total_ms": 26477.920111996355,
      "prep_ms": 3099.205204001919,
      "batch_add_ms": 9808.440074004466,
      "final_index_ms": 290.34853899793234,
      "avg_retrieval_ms": 26.163822090988106,
      "p95_retrieval_ms": 38.64629400050035,
      "avg_add_ms": 19.61688014800893,
      "p95_add_ms": 19.61688014800893,
      "start_rss_mb": 871.26953125,
      "end_rss_mb": 1026.78125,
      "peak_sampled_rss_mb": 1026.78125,
      "rss_growth_mb": 155.51171875,
      "workflow_count": 500,
      "python_vector_count": 0,
      "python_vector_values": 0,
      "python_vector_mb": 0.0,
      "actual_index_kind": "ivfpq_nlist22_m16_bits8",
      "candidate_k": 50,
      "faiss_code_size_bytes": 16,
      "estimated_faiss_code_mb": 0.00762939453125,
      "avg_batch_add_ms": 9808.440074004466,
      "avg_batch_index_ms": 290.34853899793234,
      "avg_retrieve_ms": 26.141792808870377,
      "avg_text_load_ms": 1.2014025250755367,
      "workflow_text_cache_items": 128,
      "workflow_text_cache_hits": 36938,
      "workflow_text_cache_misses": 13062,
      "disk_bytes": 13233091
    }
  ]
}