{
  "backend": "lancedb_disk_ann",
  "tasks": 8,
  "steps": 16,
  "accepted_retrievals": 4,
  "total_ms": 1133.400590000747,
  "avg_retrieval_ms": 36.31304149996595,
  "p95_retrieval_ms": 50.03264500010118,
  "avg_add_ms": 46.65878212495045,
  "p95_add_ms": 94.1282420008065,
  "start_rss_mb": 913.36328125,
  "end_rss_mb": 1038.546875,
  "peak_sampled_rss_mb": 1038.546875,
  "rss_growth_mb": 125.18359375,
  "workflow_count": 8,
  "python_vector_count": 0,
  "python_vector_values": 0,
  "python_vector_mb": 0.0,
  "lancedb_path": "mind2web/memory_backend_benchmark_8x2/lancedb/lancedb",
  "ann_index_type": "IVF_SQ",
  "candidate_k": 50,
  "avg_retrieve_ms": 41.452785214330234,
  "avg_index_ms": 20.329769856678986,
  "avg_json_load_ms": 0.14059249906495097,
  "workflow_json_cache_items": 2,
  "workflow_json_cache_hits": 2,
  "workflow_json_cache_misses": 2,
  "disk_bytes": 264091
}