{
  "backend": "compressed_faiss",
  "ingest_mode": "batch",
  "tasks": 500,
  "steps": 1000,
  "accepted_retrievals": 998,
  "total_ms": 40954.87326399598,
  "online_total_ms": 26816.596988996025,
  "prep_ms": 3271.321458996681,
  "batch_add_ms": 9977.918522999971,
  "final_index_ms": 887.4724019988207,
  "avg_retrieval_ms": 26.50511521997396,
  "p95_retrieval_ms": 35.94499400060158,
  "avg_add_ms": 19.955837045999942,
  "p95_add_ms": 19.955837045999942,
  "start_rss_mb": 870.6875,
  "end_rss_mb": 1038.546875,
  "peak_sampled_rss_mb": 1038.546875,
  "rss_growth_mb": 167.859375,
  "workflow_count": 500,
  "python_vector_count": 0,
  "python_vector_values": 0,
  "python_vector_mb": 0.0,
  "actual_index_kind": "ivfpq_nlist22_m16_bits8",
  "candidate_k": 50,
  "faiss_code_size_bytes": 16,
  "estimated_faiss_code_mb": 0.00762939453125,
  "avg_batch_add_ms": 9977.918522999971,
  "avg_batch_index_ms": 887.4724019988207,
  "avg_retrieve_ms": 26.483035496930825,
  "avg_text_load_ms": 1.1891197180448216,
  "workflow_text_cache_items": 128,
  "workflow_text_cache_hits": 36938,
  "workflow_text_cache_misses": 13062,
  "disk_bytes": 13184931
}